fert,rel_dist,prob
1,2,0.013820025740387298
1,-7,0.0011910260815914033
1,11,0.0003484080689828951
1,-32,5.530853372819745e-10
1,39,1.183838080169409e-10
1,25,1.831939445471393e-6
1,-3,0.004124198478891927
1,29,7.145679589360867e-8
1,-38,1.1737505995597078e-10
1,8,0.0011429158478284092
1,-34,1.1744271465637163e-10
1,-13,0.00011629502226807781
1,20,2.8501671744253443e-6
1,14,8.479501811313852e-5
1,31,1.0134609405778597e-7
1,-12,0.0001717908576639322
1,-28,6.141129641482647e-8
1,33,1.0561882246444302e-8
1,18,1.1606937087370949e-5
1,-24,1.6715884747187988e-7
1,-23,1.3909088367155984e-7
1,-15,4.589657600958541e-5
1,-19,1.2527558385074924e-6
1,-20,7.586455057215992e-7
1,26,1.7074787404698165e-6
1,35,3.7753372329507295e-10
1,17,1.4841232014746797e-5
1,-9,0.0005413214694071203
1,4,0.00513298820445377
1,-6,0.001713205417740951
1,37,6.314059316888954e-10
1,-10,0.00034725217927171964
1,13,0.00014610171517186383
1,-37,1.2989365801113233e-10
1,-2,0.005422259259470328
1,-5,0.0022983306579761912
1,-14,5.496812712351133e-5
1,1,0.029852357698167194
1,-16,4.345041110600392e-5
1,30,9.696975795554951e-8
1,32,3.0662104025757756e-8
1,-21,3.989951200796119e-7
1,40,7.992080145979621e-11
1,-39,7.308256833339023e-11
1,-17,1.4175059483711841e-5
1,0,0.0028804248370285826
1,7,0.0016503243280954832
1,9,0.0007526706808542325
1,34,6.225256823214737e-9
1,-33,3.2837792132225546e-9
1,-35,1.8961019113893227e-10
1,3,0.008098899944412132
1,-22,2.1137922802491458e-7
1,-18,5.138011504928409e-6
1,38,1.9953433895238292e-10
1,-30,4.82853430376451e-9
1,36,3.2190195903787675e-10
1,-31,8.583157937718106e-9
1,-27,6.23715950893609e-8
1,12,0.0002452749548119747
1,-11,0.00027241924470742856
1,-1,0.007919624150774062
1,16,3.5224489586668915e-5
1,-26,3.111389146889798e-7
1,21,6.860519732197857e-6
1,-4,0.0031710131932066953
1,10,0.0005209882184814521
1,19,3.5696274139632517e-6
1,-25,5.918331416215382e-8
1,22,7.164484434821724e-7
1,6,0.002382506039858063
1,24,4.188713577077461e-7
1,-8,0.0008514153257701716
1,-29,9.60738214181911e-9
1,28,1.5877616864214782e-7
1,-36,1.1733483360878297e-10
1,5,0.0034455997848659072
1,23,4.875851440926148e-7
1,27,1.849378176386704e-7
1,15,4.584194140314955e-5
2,2,0.014020693001328797
2,-7,0.0015183916106939724
2,11,0.0007593365115283288
2,-32,1.3868714107125403e-8
2,39,1.1570357059736251e-10
2,25,6.796685985086794e-6
2,-3,0.0035488908056777162
2,29,1.0445934069134015e-7
2,-38,1.1491770816448036e-10
2,8,0.0021129076575018457
2,-34,4.1773884736429425e-9
2,-13,0.00015554955117363695
2,20,8.350491595648222e-6
2,14,0.00023096617812981717
2,31,2.5425259850760262e-6
2,-12,0.000262364964648609
2,-28,1.1579525370837183e-7
2,33,2.383796959652868e-6
2,18,1.7102176701252893e-5
2,-24,2.8282890186409103e-6
2,-23,5.099909916419684e-7
2,-15,5.5360706200864095e-5
2,-19,3.928988079774925e-6
2,-20,2.1369690256815386e-6
2,26,2.7922798055997995e-6
2,35,5.775899411429503e-9
2,17,2.5448556447524808e-5
2,-9,0.0007799366650895378
2,4,0.006976085146849406
2,-6,0.0019091221566215398
2,37,2.494126525882939e-9
2,-10,0.000565505929271017
2,13,0.0003043079712657344
2,-37,2.1571969635917076e-9
2,-2,0.003944276333081049
2,-5,0.0024406507207203002
2,-14,9.412227503373886e-5
2,1,0.025591630449840218
2,-16,3.208483771117912e-5
2,30,8.746681065483341e-8
2,32,2.7079885746395426e-8
2,-21,5.925011033104913e-7
2,-39,8.749386709896989e-11
2,-17,1.598928743407046e-5
2,7,0.0027635937856858774
2,0,0.0011062777935455137
2,9,0.0013562258230803
2,34,7.96989469521665e-9
2,-33,1.6348003978428268e-8
2,-35,2.3164047725625074e-9
2,3,0.010206346490911334
2,-22,1.5164896182885975e-6
2,-18,2.1837241602353085e-5
2,38,3.227449543138214e-10
2,-30,4.424550170195124e-8
2,36,3.2784341156814993e-9
2,-31,1.3791161151312853e-8
2,-27,1.810941791920296e-7
2,12,0.0003917350734639048
2,-11,0.0003993569677282328
2,-1,0.004314488589356251
2,16,7.281943213408785e-5
2,-26,3.3559209541469085e-6
2,21,1.3694513640439361e-5
2,-4,0.0030201682729892473
2,10,0.000951970355810444
2,19,9.188988002966611e-6
2,-25,2.487635502522958e-7
2,22,2.06750326505697e-6
2,6,0.0038286056554568387
2,24,8.010401721170504e-7
2,-8,0.0011306223364354459
2,-29,5.62936950961933e-8
2,28,2.8262700923619274e-7
2,-36,2.4522107062898826e-9
2,5,0.005154780083406834
2,23,5.282669620625656e-6
2,27,4.452301181077182e-7
2,15,7.910525681845731e-5
16,2,0.01576041088239944
16,-7,2.7396529166792555e-5
16,11,6.182837291641917e-6
16,-32,3.596014904594437e-6
16,-3,0.00011070138043902846
16,-38,4.3717767661920606e-7
16,8,3.877475221813148e-5
16,-34,1.4664457665641002e-5
16,-13,0.00012142138235882866
16,-12,0.001870671429273093
16,-28,6.616013870073185e-6
16,-24,2.3936802571723133e-5
16,-23,1.2870370809994676e-5
16,-15,0.00010559261567745207
16,-19,3.165933587791295e-5
16,-20,2.637372205483139e-5
16,-9,0.00011628560750815399
16,4,0.004335243025795935
16,-6,3.06984838780746e-5
16,-10,0.00010512206722750403
16,13,3.6932745602516954e-5
16,-37,3.7345837165299636e-7
16,-2,2.314224265788929e-5
16,-5,2.4287023238632382e-5
16,-14,0.00012166423079661079
16,1,0.0400292009924438
16,-16,0.0001930734171126046
16,-21,9.425933221017593e-5
16,-39,2.4145576138300593e-7
16,-17,0.00010188779791356161
16,7,0.003032700742548085
16,9,6.619740376102348e-5
16,0,6.075206472103414e-8
16,-33,7.736456623676213e-6
16,-35,2.0735693348095863e-5
16,3,0.019820340248146672
16,-22,9.231869240936073e-6
16,-18,5.580456372639515e-5
16,-30,6.764786005855633e-6
16,-31,2.1789137888801594e-5
16,-27,1.5427840256761603e-5
16,12,5.414664803180637e-6
16,-11,0.00018952822040544997
16,-1,6.579224111474959e-6
16,-26,5.393103585831868e-5
16,10,1.3417085324297416e-5
16,-4,1.4018573413849427e-5
16,-25,7.566489151334892e-6
16,6,0.005288378563838578
16,-8,0.0025811861831267413
16,-29,9.323378466508797e-6
16,-36,3.6304889066655946e-7
16,5,0.0035806535165653487
11,2,0.0463400761148142
11,-7,0.0004888631790268126
11,11,1.6042328650285642e-5
11,-32,2.8839556187787046e-7
11,-3,0.00045632274751110466
11,8,0.00019722948518163374
11,-13,0.0009732805083011075
11,-12,0.0015500655523114173
11,-28,3.46760296478739e-5
11,-24,0.0002939565633654198
11,-23,0.0001680824520649328
11,-15,0.0005678667512626192
11,-19,0.00012765016309749716
11,-20,0.00012185642198948889
11,-9,0.0005019697478312926
11,4,0.009927749411907646
11,-6,0.00020811896734700174
11,-10,0.0004885992998708619
11,13,1.6554201454015976e-6
11,-2,8.768865830719687e-5
11,-5,0.0002099720825911469
11,-14,0.0002747153137365086
11,1,0.041958640434694265
11,-16,0.00016015456813127594
11,-21,0.0001177608628193536
11,-17,0.0001066187463046973
11,7,0.0016511511961723015
11,0,3.913920357014836e-5
11,9,6.332786737106661e-5
11,-33,1.8047988777813057e-8
11,3,0.020603909110625967
11,-22,0.0003456958799676318
11,-18,0.00022568627577738976
11,-30,8.711457671272716e-6
11,-31,6.193348584011657e-7
11,-27,0.001225855286520663
11,12,8.423155087255887e-6
11,-11,0.00030573616014142294
11,-1,0.00028466686044361473
11,16,3.6096497861882224e-7
11,-26,0.0002118624326686752
11,-4,0.001875542474895187
11,10,0.0004684668366836501
11,-25,5.995551160390734e-5
11,6,0.003770595008485166
11,-8,0.00021924253416681874
11,-29,3.387039621324226e-5
11,5,0.002016162224885502
7,2,0.023558152199094032
7,-7,0.0013094513168175346
7,11,0.00010868586365147788
7,-32,1.565517069686302e-6
7,-3,0.0005932256229029953
7,8,0.0009339512866609569
7,-13,0.000483397344749062
7,14,9.0882520412244e-6
7,-12,0.0004850322155791216
7,-28,0.00012737332598355882
7,18,9.904222902007401e-8
7,-24,3.642224616678747e-6
7,-23,5.0560745054314616e-6
7,-15,0.00020274950865122247
7,-19,7.60498552013686e-5
7,-20,2.8905536242940174e-5
7,17,5.507734015451375e-8
7,-9,0.0006079605283782964
7,4,0.006064257523707062
7,-6,0.0005274785896812269
7,-10,0.0008555212705332937
7,13,3.129098040935283e-5
7,-2,0.0007951406304764261
7,-5,0.0004822045503472832
7,-14,0.00026200374395539465
7,1,0.034715611615284095
7,-16,0.0001258589512677249
7,-21,0.00012126639604553652
7,-17,0.00013949448672986623
7,7,0.0008194304645963626
7,9,0.0003457370252702057
7,0,7.558472624799693e-5
7,-33,1.6411088088348643e-6
7,3,0.012972244556596483
7,-22,7.418306029849678e-6
7,-18,0.00028351220752288346
7,-30,1.745183735902742e-6
7,-31,1.746859858236768e-6
7,-27,5.7790940770910695e-6
7,12,7.171581968686695e-5
7,-11,0.0006970553366210787
7,-1,0.0007314810439615246
7,16,4.2418399994589e-7
7,-26,2.713097816636928e-6
7,-4,0.0006173580436150747
7,10,0.00019166577857602824
7,19,2.520829962877718e-8
7,-25,6.272206022061484e-6
7,6,0.0023727910280085087
7,-8,0.0005759157837337701
7,-29,2.1162764844350626e-6
7,5,0.00345225071998692
7,15,1.7797046985110917e-7
9,2,0.022706498372444754
9,-7,0.0005524791159766513
9,11,4.69734667388955e-5
9,-32,1.3663608976749056e-7
9,-3,0.00013736696138867747
9,8,0.0007535853048294068
9,-13,0.0003926735343556952
9,-12,0.0006105473607319581
9,-28,5.986846982543814e-6
9,-24,5.283740616417079e-5
9,-23,5.15509530274268e-5
9,-15,0.0001608576129170045
9,-19,0.0001499077331252449
9,-20,0.0010354976305366162
9,-9,0.0002920953851415671
9,4,0.010499343231575217
9,-6,0.00016393283639077504
9,-10,0.0017842518245943964
9,13,7.236916432356666e-7
9,-2,0.0006141148204118479
9,-5,0.0001761690917298114
9,-14,0.0006693919957578979
9,1,0.027053122998977393
9,-16,0.0001663270347311497
9,-21,0.00010745110866132919
9,-17,0.0001378645238086362
9,7,0.0008097313932384418
9,9,0.0005348183286809454
9,0,3.0810817062971085e-5
9,-33,1.1366975750263007e-7
9,3,0.012510031932387476
9,-22,0.000802504173925053
9,-18,0.00011761350853265437
9,-30,4.919554918678377e-7
9,-31,9.091531411758923e-8
9,-27,4.105616951182292e-5
9,12,1.1809892713736314e-5
9,-11,0.0002886283623419298
9,-1,0.000431532482219304
9,-26,3.32001333896874e-5
9,-4,0.0001658212824793007
9,10,3.759008787456557e-5
9,-25,1.874803047411711e-5
9,6,0.0018472277200438504
9,-8,0.00016312178171432618
9,-29,6.263020688227807e-7
9,5,0.003691306035357811
10,2,0.03508461059319078
10,-7,0.0006870085097808876
10,11,3.2106272318423935e-5
10,-3,0.00026996123763146966
10,8,0.00025998893685253045
10,-13,0.000443831747963138
10,-12,0.00048043587101902695
10,-28,2.0854442894086996e-5
10,-24,0.00015602412769483788
10,-23,0.0001933621893313591
10,-15,0.00016986520892462088
10,-19,0.00022446649583645516
10,-20,0.0004294051558947678
10,-9,0.00018819656893531117
10,4,0.01244410008164728
10,-6,0.000327308953018195
10,-10,0.0009894735985122955
10,-2,0.0001238493541194929
10,-5,0.00018368584851176525
10,-14,0.0003655965835990398
10,1,0.030378155707354297
10,-16,0.00012691034326594338
10,-21,0.0004920361441433415
10,-17,0.00013452210189703441
10,7,0.001248403072268812
10,9,0.00013393758710341568
10,0,1.1146064910368782e-5
10,3,0.018029820285610534
10,-22,0.0020184283712757394
10,-18,0.0001588518988427712
10,-30,1.8995160436510726e-6
10,-27,0.0013092972280233045
10,12,9.157107053611709e-6
10,-11,0.0001865855921841667
10,-1,0.00015880177741478272
10,-26,5.25637757659475e-5
10,-4,0.0005346115763490239
10,10,0.00026800956233509325
10,-25,0.00015652620582871625
10,6,0.004916350539532685
10,-8,0.0003092605626711516
10,-29,1.143141900699953e-5
10,5,0.0030755466648212824
19,-16,0.00013243359547054754
19,2,0.013557322993322801
19,-11,0.00031238292037168267
19,-9,0.00020003639342928558
19,6,0.001604362306388924
19,4,0.005246841797889554
19,-8,0.003686844431884559
19,-10,0.00019878600044883634
19,3,0.010290110300786477
19,5,0.005654702231198369
19,-12,0.00019949965364481805
19,1,0.045890310518693016
17,2,0.01194250023740055
17,-7,1.5342077776649707e-5
17,11,4.2571945220570497e-7
17,-32,5.011078436317291e-6
17,-3,8.554798924506142e-5
17,8,4.998679013830882e-6
17,-34,2.6179210688890006e-6
17,-13,1.2605161268463404e-5
17,-12,0.00019999347409030532
17,-28,2.647470938212776e-6
17,-24,4.873074320368336e-6
17,-23,4.649899837925847e-6
17,-15,3.3940197157764416e-5
17,-19,5.844749504837733e-5
17,-20,3.834122190530847e-5
17,-9,8.457100235887248e-5
17,4,0.0041464747394341014
17,-6,2.6598732321483804e-5
17,-10,7.688321162143151e-5
17,13,1.3546968118391194e-6
17,-2,0.0001367197264889173
17,-5,0.0001314558020212829
17,-14,0.00012675926039714013
17,1,0.031095518794432463
17,-16,6.0297183879686646e-5
17,-21,2.0240887056701618e-5
17,-17,2.8396204582687394e-5
17,7,0.00026949346488938875
17,9,7.49051420128281e-6
17,0,2.2085086431704855e-6
17,-33,6.933718184744215e-6
17,-35,3.117313964903698e-6
17,3,0.008696257463132007
17,-22,9.183018471376796e-6
17,-18,1.0033048596198816e-5
17,-30,5.841407510763719e-6
17,-31,1.4134187385945306e-5
17,-27,3.815738526436169e-6
17,12,6.363807822676795e-7
17,-11,7.336160135628609e-5
17,-1,7.038954852088036e-6
17,-26,5.088526313478507e-6
17,10,5.03713329360361e-7
17,-4,2.9630592427808886e-5
17,-25,6.9666791512179534e-6
17,6,0.003496463938138451
17,-8,0.0026194051451992593
17,-29,4.038780869072028e-5
17,5,0.003839431165244943
8,2,0.02009101803803859
8,-7,0.0005817499248229096
8,11,4.0676398770244766e-5
8,-32,1.4318072386878382e-6
8,-3,0.0002323683320347972
8,8,0.0004439874858755495
8,-13,0.0004280997438817989
8,14,8.425778421703113e-7
8,-12,0.0008370941019918711
8,-28,4.4432935009632034e-5
8,-24,6.080328737487293e-6
8,-23,7.982030707657819e-6
8,-15,0.00029391741054009366
8,-19,5.060962357983293e-5
8,-20,0.00024326370232577321
8,-9,0.0005292947902418991
8,4,0.007445166863606166
8,-6,0.00034223318247449114
8,-10,0.0012988389751983091
8,13,1.7154659264384473e-5
8,-2,0.0009081278884123771
8,-5,0.00024176883913694765
8,-14,0.0005067425041816613
8,1,0.029242229580167593
8,-16,0.00021386561291912177
8,-21,4.855003024177019e-5
8,-17,0.000263177490821053
8,0,2.5192543388514e-5
8,7,0.0011323682148513187
8,9,0.0001994006281503645
8,-33,8.015393952220154e-7
8,3,0.015248522704182603
8,-22,4.9094560803544304e-5
8,-18,6.551719657237489e-5
8,-30,2.3175897371597775e-6
8,-31,1.022255074764456e-6
8,-27,2.010715313530156e-6
8,12,2.0952700377822824e-5
8,-11,0.0006073689931882663
8,-1,0.0007781387955401367
8,-26,6.1004097270709774e-6
8,-4,0.0002761214768515485
8,10,0.00024366974659456884
8,-25,5.188777811062552e-6
8,6,0.0021144056111202124
8,-8,0.0004221775789909565
8,-29,4.026612045505866e-6
8,5,0.0029809264068890347
8,15,1.1403960718712495e-7
6,2,0.025818649607530768
6,-7,0.0012096555584014904
6,11,0.00010273818358093622
6,-32,2.820425144393909e-7
6,-3,0.0009645695710630856
6,8,0.0009257026176564111
6,-13,0.0005946370134033181
6,20,2.141298510142123e-8
6,14,3.671193982715391e-5
6,-12,0.000514990613172015
6,-28,3.146272129324047e-5
6,18,3.2792965684085656e-7
6,-24,1.5297298751805887e-6
6,-23,5.97850909984278e-6
6,-15,0.00015855477537929724
6,-19,0.00018504317181079278
6,-20,2.256473957276357e-5
6,17,3.07278614843626e-7
6,-9,0.0007830543558385529
6,4,0.007885158572955993
6,-6,0.0012420593525928915
6,-10,0.0009585102308312783
6,13,7.697234827999615e-5
6,-2,0.0011633012303881882
6,-5,0.0009389308407443096
6,-14,0.0002790156474131879
6,1,0.037813665085210536
6,-16,0.00015183583332242104
6,-21,9.169201943421513e-5
6,-17,0.0001446934164919153
6,0,0.0001457563103558421
6,9,0.0003464394101046563
6,7,0.001515251473700856
6,-33,2.7727486816495387e-7
6,3,0.014836891129204926
6,-22,5.671595843284891e-6
6,-18,0.0008160461491728698
6,-30,2.7109954451949714e-7
6,-31,2.62046251306148e-7
6,-27,1.7013855055561883e-6
6,12,0.00010503113551494383
6,-11,0.0005878982120159127
6,-1,0.0011277834713094349
6,16,8.695363357108764e-7
6,-26,1.386284904102729e-6
6,21,4.544092878728038e-8
6,-4,0.001357920822106849
6,10,0.00019852159421393888
6,19,7.483223867022876e-8
6,-25,8.952620871372442e-6
6,22,1.1152444033055514e-8
6,6,0.002612071451962976
6,24,7.159866226728747e-9
6,-8,0.0009078762250402398
6,-29,2.8029677774227524e-7
6,5,0.00516708332202207
6,23,1.2552815683865608e-8
6,15,2.9084969729180463e-6
4,2,0.020401130756144505
4,-7,0.0016323201429862772
4,11,0.00021319494128230437
4,-32,1.4771626984530748e-7
4,25,1.7043895453050382e-5
4,-3,0.0021312302381540833
4,29,5.6155524372700556e-8
4,8,0.0011497375377776788
4,-34,5.3536411895328045e-9
4,-13,0.00031758263980552644
4,20,9.027123847759348e-7
4,14,5.2871879691750314e-5
4,31,9.977565481708828e-10
4,-12,0.0005451694260217826
4,-28,1.4463694252168315e-7
4,33,8.317066741451717e-10
4,18,1.5517794885116476e-5
4,-24,6.722081325867756e-6
4,-23,8.377942186710405e-6
4,-15,0.00010655649090159329
4,-19,3.706992511470696e-5
4,-20,1.9648333957197534e-5
4,26,1.1883292926539314e-7
4,17,2.8388768563865235e-6
4,-9,0.0011084924457979966
4,4,0.007694744240414402
4,-6,0.00167619937719851
4,-10,0.0007440994961371569
4,13,0.00010148320623840524
4,-37,2.0436469753690442e-8
4,-2,0.0020135996934387483
4,-5,0.0016683643412366616
4,-14,0.0001923722578399052
4,1,0.033151470250814184
4,-16,7.36832638108329e-5
4,30,1.269933696019728e-9
4,32,1.4971821124620217e-9
4,-21,3.350515338061344e-6
4,-17,5.1589545316417385e-5
4,0,0.00042510164805138317
4,7,0.002013910374669577
4,9,0.0010739553772015095
4,-33,9.86412814852086e-10
4,-35,5.415254057506718e-9
4,3,0.014553712498444225
4,-22,1.8629036554706553e-6
4,-18,3.1844103484785786e-5
4,-30,3.6384565129489005e-8
4,-31,3.626653728021465e-8
4,-27,2.0749725572768618e-7
4,12,0.00013629926797039868
4,-11,0.0006518861765941629
4,-1,0.0023243633579597264
4,16,2.634844955823864e-5
4,-26,1.0538256954507362e-6
4,21,1.1189626798852426e-6
4,-4,0.0020413011950607433
4,10,0.0003626114709788134
4,19,4.075158897790644e-6
4,-25,1.9050047346566405e-6
4,22,4.0778725079032155e-7
4,6,0.0030991670234344145
4,24,3.087539962744167e-7
4,-8,0.0012139311536288775
4,-29,1.6457053186057122e-7
4,-36,9.685632546241812e-8
4,28,7.28127774228619e-8
4,5,0.0049778874112567
4,23,4.770008564466491e-7
4,27,2.0969618531888555e-7
4,15,2.9918310096574707e-5
3,2,0.017675511268311607
3,-7,0.0015898286990365666
3,11,0.0003617569176377983
3,-32,5.868732400720904e-9
3,25,2.3151467031497167e-6
3,-3,0.002906773254752121
3,29,1.7925764364671133e-7
3,8,0.0014912355376419943
3,-34,1.3374381859373912e-9
3,-13,0.0002647068193777025
3,20,2.370607567813463e-6
3,14,7.968846722062472e-5
3,31,3.0970914549946476e-8
3,-12,0.0004088663912390688
3,-28,1.4236375707508432e-7
3,33,1.662157405063608e-7
3,18,9.847128994237305e-6
3,-24,5.197286536689795e-6
3,-23,1.939115731279024e-6
3,-15,7.441118855314862e-5
3,-19,6.890969281952e-6
3,-20,5.508001425588066e-6
3,26,4.0832636054724213e-7
3,35,7.12449032471636e-10
3,17,2.5196221811855247e-5
3,-9,0.000916291357946119
3,4,0.008061818706935635
3,-6,0.0019782865720489482
3,37,1.423434734609766e-10
3,-10,0.0006822450748096168
3,13,0.0001234007097710049
3,-37,9.681351484491691e-10
3,-2,0.002697206938209137
3,-5,0.0022618789181602606
3,-14,0.00012540742801526054
3,1,0.028622736912430138
3,-16,4.514116986924587e-5
3,30,4.061069415439941e-7
3,32,1.324286331600909e-7
3,-21,1.135215600526988e-6
3,-17,3.7607264205503484e-5
3,0,0.000635900976500852
3,7,0.0026062572689835883
3,9,0.0011170506826380488
3,34,7.144297322072478e-10
3,-33,2.566920418677248e-8
3,-35,8.527372744226232e-10
3,3,0.012990973645346402
3,-22,1.2086842267234287e-6
3,-18,2.5466092736262635e-5
3,-30,8.285866440685807e-9
3,36,3.5605638285886385e-10
3,-31,2.085422031652868e-8
3,-27,5.9040321566464094e-8
3,12,0.00026004439305586625
3,-11,0.0005506776153694898
3,-1,0.0029791574678975047
3,16,1.9419225456386136e-5
3,-26,1.1462351629444837e-6
3,21,4.636987460190112e-6
3,-4,0.002545371694058884
3,10,0.0006192856056558569
3,19,2.512525878495439e-5
3,-25,2.2905986935286724e-7
3,22,1.2138867359610465e-6
3,6,0.0037542993205035556
3,24,6.025508906982977e-7
3,-8,0.0012007989274077195
3,-29,7.085390504051834e-8
3,28,8.894126346493214e-8
3,-36,1.6751294722442164e-9
3,5,0.005214740022455963
3,23,1.157793612242868e-6
3,27,7.491224629805676e-7
3,15,3.0332679136909565e-5
5,2,0.023265541633328692
5,-7,0.0013073885068225369
5,11,0.00017767204680153184
5,-32,7.755166845268677e-8
5,25,1.1592560482445398e-6
5,-3,0.0015971142382047777
5,8,0.0009217704675700569
5,-34,1.757540736492956e-9
5,-13,0.0004003520172268448
5,20,1.7631041941581555e-7
5,14,1.6115948836129455e-5
5,-12,0.0006188720671031011
5,-28,6.560618233989149e-7
5,18,2.3502692616086838e-6
5,-24,3.908969240666297e-6
5,-23,3.109956253829445e-6
5,-15,0.0001437178532556503
5,-19,6.811561391251843e-5
5,-20,2.233143631438852e-5
5,26,1.5826613105396266e-8
5,17,2.3999878677706107e-6
5,-9,0.001139215698995902
5,4,0.007728259497755486
5,-6,0.0016327227462490004
5,-10,0.0008081060234856664
5,13,5.405711713816229e-5
5,-37,1.3361656804009048e-9
5,-2,0.0017628772513284432
5,-5,0.0014406579272497409
5,-14,0.00026417867109021194
5,1,0.037608237087538444
5,-16,9.034515608020154e-5
5,-21,4.08806616652978e-5
5,-17,0.00014157332202360487
5,0,0.00025835630540800705
5,7,0.0022870477430804643
5,9,0.000515132953277953
5,-35,1.7599628164145552e-9
5,3,0.014981514268067467
5,-22,2.275378164686266e-6
5,-18,0.00019001019066868403
5,-30,1.7203041148438165e-8
5,-31,1.0222028215154251e-8
5,-27,6.481114401268666e-7
5,12,0.00012103645852537869
5,-11,0.0007190356856949566
5,-1,0.0016333634086381273
5,16,4.665167648295511e-6
5,-26,2.3565125615953434e-6
5,21,7.302823617683405e-7
5,-4,0.0020405305141261982
5,10,0.00029438633326621426
5,19,9.909438752083537e-7
5,-25,3.164205923894449e-5
5,22,3.417785486165654e-7
5,6,0.003808626499508746
5,24,1.1236716748646984e-7
5,-8,0.0012525011798529152
5,-29,2.6181654955119372e-8
5,-36,6.064462951797844e-9
5,28,2.149389932329092e-9
5,5,0.00427262268957941
5,23,6.023616877086634e-7
5,27,1.6109235232416117e-8
5,15,7.822451356510722e-6
13,2,0.022467612794451475
13,-7,8.840779569083368e-5
13,11,6.528163044055039e-5
13,-32,4.25546124902877e-6
13,-3,1.6018904814040158e-5
13,-38,1.3376565312664769e-6
13,8,0.00266390581221308
13,-34,1.5915069206144272e-6
13,-13,0.00016875503519833907
13,-12,0.00048259019930519087
13,-28,6.195281414347962e-5
13,-24,0.001480569367716097
13,-23,0.0011313591244897624
13,-15,0.00021541191494527974
13,-19,8.079702625973609e-5
13,-20,0.00013271721276630164
13,-9,8.486077726760698e-5
13,4,0.008811790758950864
13,-6,4.208792635563467e-5
13,-10,0.00035644575539404955
13,13,9.64937126544162e-7
13,-37,1.5535231961858116e-6
13,-2,2.802088848532259e-5
13,-5,4.630707175943969e-5
13,-14,5.834090969976135e-5
13,1,0.03486349732182158
13,-16,0.00010750381219298061
13,-21,0.00010272125165769916
13,-39,1.9064618292674373e-6
13,-17,4.1571743818155925e-5
13,7,0.0005964793219037224
13,9,8.451294502765831e-5
13,0,2.7498305196796086e-6
13,-33,3.2874823820029397e-5
13,-35,1.5991371312577144e-6
13,3,0.012974499992501392
13,-22,0.00010720566103265535
13,-18,3.7368686888416404e-5
13,-30,5.61612433075357e-6
13,-31,4.899146944102561e-6
13,-27,6.421078589753323e-5
13,12,5.0166235439317545e-5
13,-11,4.7715949757642297e-5
13,-1,9.816685854518073e-5
13,-26,0.0012517945333543228
13,-4,0.0001241148624292216
13,10,4.06398993236896e-5
13,-25,0.00014092711502184104
13,6,0.0006268428121722435
13,-8,6.748406697290471e-5
13,-29,6.97861456710294e-6
13,-36,1.4137027275254566e-6
13,5,0.0024519039682169698
14,2,0.029127399708837327
14,-7,2.7595495333394696e-5
14,11,1.2828097526737667e-5
14,-32,2.564300609132762e-6
14,-3,1.9806412532414797e-5
14,-38,2.3721065062714273e-6
14,8,0.0011530016728540707
14,-34,1.2510975938192037e-7
14,-13,0.0001630052246956606
14,14,1.137673038729491e-6
14,-12,0.0013882172746400542
14,-28,6.491707789851873e-5
14,-24,0.002504590749892768
14,-23,0.001701160839368481
14,-15,9.158883290412832e-5
14,-19,3.6163241745829666e-5
14,-20,0.00010571657449177317
14,-9,6.553197143134065e-5
14,4,0.00872211973589596
14,-6,2.0437173641440088e-5
14,-10,0.00046931808687091366
14,13,1.4752236839190595e-5
14,-37,5.943181324491635e-7
14,-2,2.0742618260591688e-5
14,-5,1.8761272041504387e-5
14,-14,0.00012384205575653568
14,1,0.04807705654731686
14,-16,0.00013918526976805477
14,-21,3.634573023300352e-5
14,-39,1.5228548031699373e-7
14,-17,6.244675767183263e-5
14,7,0.0014661408094836276
14,9,0.00010820065621924312
14,0,2.1491527721416246e-6
14,-33,8.952490688627985e-7
14,-35,1.4904585937822032e-6
14,3,0.017814612923163414
14,-22,0.00011196426287743023
14,-18,0.00011029754144832168
14,-30,5.262410729303336e-6
14,-31,4.017776289627406e-6
14,-27,0.0001819225936298314
14,12,4.827498284381228e-6
14,-11,0.00014408875944867905
14,-1,1.5434948879561603e-5
14,-26,0.0002670136634576512
14,-4,2.0838352855288834e-5
14,10,2.045784832861924e-5
14,-25,0.0001744170095639275
14,6,0.0004566963161362053
14,-8,5.590898293303131e-5
14,-29,7.242444595529119e-6
14,-36,5.886019630425177e-7
14,5,0.0009426245843834276
14,15,3.1118712178600657e-6
15,2,0.022453655345456004
15,-7,5.124578502420847e-5
15,11,1.2328390081923446e-5
15,-32,2.371135470129185e-6
15,-3,3.9580616436960305e-5
15,-38,3.140638696722454e-5
15,8,0.00015967907760506457
15,-34,3.4199118748829507e-6
15,-13,0.00020439932400258493
15,14,4.3774289067580736e-6
15,-12,0.0034453616864710147
15,-28,1.5023951790553734e-5
15,-24,0.00021646705859238203
15,-23,0.00021796282052086527
15,-15,0.00013881460372513715
15,-19,3.9303061904745517e-5
15,-20,3.514705358790759e-5
15,-9,0.00016645653380679997
15,4,0.0025975294099578362
15,-6,2.342756997319487e-5
15,-10,0.00013669968188815553
15,13,0.00017902264959465894
15,-37,1.7738538574180695e-6
15,-2,5.141869451207346e-6
15,-5,2.860288771435347e-5
15,-14,0.00017996802135391524
15,1,0.040271003845831245
15,-16,0.00039311673113121546
15,-21,2.880921891515302e-5
15,-17,0.00011665088131965018
15,7,0.0041439603568719395
15,9,0.00037945632163149587
15,-33,9.710249327059587e-7
15,-35,1.782460780599205e-5
15,3,0.015532403520591813
15,-22,2.531409370364826e-5
15,-18,6.304115370149464e-5
15,-30,3.340211052311018e-6
15,-31,3.0569138104357614e-6
15,-27,0.00011865098560622197
15,12,1.5982321142915558e-5
15,-11,0.00015739456440117973
15,-1,2.617959803021938e-6
15,-26,4.358354181233572e-5
15,-4,4.466718261308659e-5
15,10,1.3229549726330502e-5
15,-25,3.931058248361657e-5
15,6,0.0025494359141612737
15,-8,0.0003757541356290115
15,-29,6.983378125265593e-6
15,-36,1.9067883160361847e-6
15,5,0.0009735065292610653
15,15,5.677386084474879e-6
12,2,0.03750249223468094
12,-7,0.00018104370827622416
12,11,3.0899525995070494e-5
12,-32,1.5115669734563386e-6
12,-3,0.0001400503120482604
12,-38,3.0777316539839274e-7
12,8,0.0007267794209163075
12,-34,3.3903685498145344e-7
12,-13,0.0007788331515679495
12,14,4.692418078026449e-8
12,-12,0.001663252897410034
12,-28,2.0890569832854498e-5
12,-24,0.0007268823669339046
12,-23,0.0004776132319358152
12,-15,0.0009789226530390015
12,-19,4.9583675957856505e-5
12,-20,8.545617672776148e-5
12,-9,0.0003219968234031806
12,4,0.007105998136663119
12,-6,0.0001210952559871111
12,-10,0.0004878078817059663
12,13,3.681561506497115e-6
12,-37,3.5460939452221937e-7
12,-2,0.00011073390532341058
12,-5,0.00014043558266573942
12,-14,0.00016899214351731617
12,1,0.04469853492387155
12,-16,0.00011702599666540582
12,-21,0.00012535888691001798
12,-39,2.617250938009796e-7
12,-17,0.00012722592405739344
12,7,0.0024487376057090514
12,9,4.9150188105668305e-5
12,0,5.195891214839364e-5
12,-33,3.0105276546875497e-6
12,-35,2.454945349739138e-7
12,3,0.0166176423659421
12,-22,0.00011378523643454922
12,-18,0.00011536958251115984
12,-30,1.9013192488357538e-5
12,-31,2.6955519730375492e-6
12,-27,0.00014378616614911047
12,12,5.4500751065394004e-5
12,-11,0.00014443574212355553
12,-1,0.0002618950909699577
12,16,3.6666855857923474e-7
12,-26,0.00035356495810321016
12,-4,0.0016727235745007914
12,10,0.0001160460839615143
12,-25,7.341527473655398e-5
12,6,0.0018657981789508532
12,-8,0.0001701120869659153
12,-29,8.057209889026975e-6
12,-36,2.0045297066096683e-7
12,5,0.0029549636406070714
12,15,3.129136078225545e-8
18,2,0.019944838876058642
18,-7,1.398888428146484e-5
18,-32,9.614444382673332e-6
18,-3,7.897615983158981e-5
18,8,5.621361469402425e-6
18,-34,6.4792494963412456e-6
18,-13,1.2195820855839592e-5
18,-12,0.0001711350813267834
18,-28,4.408735365142506e-6
18,-24,4.408734865870327e-6
18,-23,7.092703976896461e-6
18,-15,1.3591999976154884e-5
18,-19,1.7945220374141873e-5
18,-20,1.4368086978362365e-5
18,-9,0.00028334047808163687
18,4,0.006931567360220487
18,-6,1.4331063034727615e-5
18,-10,0.00013266947079990847
18,-2,3.448346217702818e-5
18,-5,3.449896332026322e-5
18,-14,2.463598335521675e-5
18,1,0.0575080670212639
18,-16,0.00012041614548154206
18,-21,1.055571362288371e-5
18,-17,1.8679571434976437e-5
18,7,0.0001617096230209178
18,9,4.384943242777112e-6
18,-33,6.6270149436084576e-6
18,-35,4.372022874290196e-6
18,3,0.014520341053830363
18,-22,8.298595328005642e-6
18,-18,5.367064402143052e-6
18,-30,6.604251193794203e-6
18,-31,1.4569308583946978e-5
18,-27,4.4087335577540545e-6
18,-11,0.0001550525333435446
18,-1,5.873770011301646e-6
18,-26,5.281192174917035e-6
18,-4,1.7340499786556504e-5
18,-25,1.1091243630173428e-5
18,6,0.003500604635969426
18,-8,0.005245674517274529
18,-36,8.711313651186319e-7
18,-29,1.0404756980790355e-5
18,5,0.007243924138594134
